               epoch,      train/box_loss,      train/obj_loss,      train/cls_loss,   metrics/precision,      metrics/recall,     metrics/mAP_0.5,metrics/mAP_0.5:0.95,        val/box_loss,        val/obj_loss,        val/cls_loss,               x/lr0,               x/lr1,               x/lr2
                   0,            0.080151,            0.034629,            0.020129,                   0,                   0,                   0,                   0,             0.04013,            0.030829,           0.0099398,                 0.1,                   0,                   0
                   0,            0.078794,            0.034626,            0.020023,                   0,                   0,                   0,                   0,            0.040349,            0.030682,            0.010032,                 0.1,                   0,                   0
                   0,            0.077733,            0.034601,            0.019977,                   0,                   0,                   0,                   0,            0.040605,            0.030528,            0.010152,                 0.1,                   0,                   0
                   0,              0.0768,            0.034561,            0.019959,                   0,                   0,                   0,                   0,            0.040846,             0.03037,            0.010291,                 0.1,                   0,                   0
